{
  "objects": [
    {
      "data": [
        [
          187.5428669410151,
          25.954593192729767
        ],
        [
          61.95612568587106,
          25.117348251028808
        ],
        [
          61.95612568587106,
          36.280614140374944
        ],
        [
          68.09592192501144,
          41.02500214334705
        ],
        [
          67.25867698331048,
          42.42041037951532
        ],
        [
          67.25867698331048,
          53.02551297439415
        ],
        [
          65.58418709990855,
          53.3045946216278
        ],
        [
          66.42143204160952,
          73.95663651691815
        ],
        [
          64.74694215820759,
          74.2357181641518
        ],
        [
          64.74694215820759,
          80.93367769775949
        ],
        [
          63.909697216506636,
          81.4918409922268
        ],
        [
          63.909697216506636,
          107.72551583219023
        ],
        [
          211.26480695587563,
          108.00459747942388
        ],
        [
          211.26480695587563,
          81.21275934499315
        ],
        [
          211.82297025034293,
          72.84030992798354
        ],
        [
          213.2183784865112,
          72.56122828074989
        ],
        [
          213.2183784865112,
          45.211226851851855
        ],
        [
          214.05562342821216,
          44.9321452046182
        ],
        [
          213.49746013374485,
          43.257655321216276
        ],
        [
          214.3347050754458,
          40.7459204961134
        ],
        [
          222.70715449245543,
          36.5596957876086
        ],
        [
          223.26531778692274,
          31.815307784636488
        ],
        [
          224.1025627286237,
          29.582654606767264
        ],
        [
          225.497970964792,
          26.233674839963413
        ],
        [
          210.42756201417473,
          25.675511545496114
        ],
        [
          207.0785822473709,
          30.14081790123457
        ],
        [
          186.70562199931413,
          30.14081790123457
        ]
      ],
      "type": "region"
    }
  ],
  "size": [
    240,
    220
  ]
}