{
  "objects": [
    {
      "data": [
        [
          202.9586824982395,
          21.937841675870715
        ],
        [
          28.9364169344307,
          21.80325369012918
        ],
        [
          29.071004920172236,
          25.70630527663378
        ],
        [
          30.013120820363003,
          25.84089326237532
        ],
        [
          30.14770880610454,
          27.994301034239932
        ],
        [
          32.031940606486074,
          27.994301034239932
        ],
        [
          32.031940606486074,
          29.071004920172236
        ],
        [
          40.10721975097836,
          29.071004920172236
        ],
        [
          40.9147476654276,
          78.86855964454134
        ],
        [
          39.56886780801221,
          79.13773561602441
        ],
        [
          39.97263176523683,
          84.25207907420287
        ],
        [
          190.9803517672426,
          83.84831511697826
        ],
        [
          190.9803517672426,
          78.06103173009211
        ],
        [
          192.0570556531749,
          77.52267978712597
        ],
        [
          192.0570556531749,
          62.04506142684908
        ],
        [
          191.11493975298416,
          62.179649412590614
        ],
        [
          190.9803517672426,
          43.20274342303374
        ],
        [
          191.78787968169183,
          43.068155437292205
        ],
        [
          191.78787968169183,
          30.28229679184608
        ],
        [
          193.94128745355644,
          30.013120820363003
        ],
        [
          194.075875439298,
          29.205592905913775
        ],
        [
          199.99774681192565,
          29.205592905913775
        ],
        [
          199.7285708404426,
          28.9364169344307
        ]
      ],
      "type": "region"
    }
  ],
  "size": [
    240,
    85
  ]
}