{
  "objects": [
    {
      "data": [
        [
          202.33419424439876,
          16.279762755296453
        ],
        [
          68.02615151320303,
          15.310729257957377
        ],
        [
          68.02615151320303,
          28.10197142283316
        ],
        [
          70.93325200522025,
          30.42765181644694
        ],
        [
          71.12705870468807,
          31.396685313786012
        ],
        [
          69.18899171000992,
          31.396685313786012
        ],
        [
          69.18899171000992,
          33.14094560899635
        ],
        [
          69.96421850788117,
          33.14094560899635
        ],
        [
          70.158025207349,
          36.82327289888483
        ],
        [
          71.32086540415588,
          37.017079598352645
        ],
        [
          71.12705870468807,
          55.81632944673069
        ],
        [
          71.0220551521086,
          57.13858163553811
        ],
        [
          70.83552617335127,
          59.38455603315162
        ],
        [
          70.158025207349,
          63.956210824378914
        ],
        [
          76.24999999999997,
          68.99999999999999
        ],
        [
          185.74999999999994,
          68.87499999999999
        ],
        [
          193.61289276834708,
          65.61905102118581
        ],
        [
          195.1633463640896,
          60.27388353449043
        ],
        [
          193.61289276834708,
          51.552582058438766
        ],
        [
          194.0005061672827,
          43.02508728185491
        ],
        [
          194.96953966462178,
          34.30378580580324
        ],
        [
          197.48902675770339,
          28.295778122300973
        ],
        [
          200.78374064865622,
          22.869190537202158
        ],
        [
          202.14038754493095,
          19.380669946781488
        ],
        [
          202.33419424439876,
          17.83021635103897
        ]
      ],
      "type": "region"
    }
  ],
  "size": [
    240,
    111
  ]
}